{
  "__type__": "sp.SkeletonData",
  "_name": "napphao",
  "_objFlags": 0,
  "_native": "",
  "_skeletonJson": {
    "skins": {
      "default": {
        "btnNapTien": {
          "btnNapTien": {
            "name": "btnNapTien",
            "width": 403,
            "x": -8,
            "y": 8,
            "height": 112
          }
        },
        "aeasd": {
          "aeasd": {
            "triangles": [
              16,
              5,
              12,
              5,
              8,
              12,
              9,
              11,
              12,
              8,
              9,
              12,
              15,
              16,
              12,
              15,
              12,
              13,
              14,
              15,
              13,
              3,
              5,
              16,
              9,
              10,
              11,
              0,
              3,
              16,
              1,
              3,
              0,
              5,
              7,
              8,
              2,
              3,
              1,
              3,
              4,
              5,
              5,
              6,
              7
            ],
            "uvs": [
              0.31175,
              0.00975,
              0.14525,
              0.094,
              0.0325,
              0.2235,
              0,
              0.3875,
              0,
              0.70225,
              0.089,
              0.775,
              0.10775,
              0.84775,
              0.28375,
              0.97225,
              0.427,
              1,
              0.61475,
              1,
              0.8305,
              0.916,
              0.969,
              0.72575,
              1,
              0.578,
              0.9995,
              0.31525,
              0.88925,
              0.12275,
              0.72725,
              0.0315,
              0.5865,
              0
            ],
            "vertices": [
              43.22,
              95.78,
              7.57,
              106.82,
              -26.64,
              103.88,
              -54.12,
              84.83,
              -97.88,
              39.58,
              -95.2,
              16.75,
              -102.62,
              3.68,
              -94.63,
              -38.69,
              -77.9,
              -62.6,
              -50.91,
              -88.7,
              -8.21,
              -106.63,
              38.15,
              -98.54,
              63.15,
              -81.61,
              99.61,
              -43.76,
              110.53,
              -0.76,
              99.93,
              34.88,
              84.08,
              58.98
            ],
            "name": "aeasd",
            "width": 200,
            "edges": [
              0,
              2,
              2,
              4,
              4,
              6,
              6,
              8,
              8,
              10,
              10,
              12,
              12,
              14,
              14,
              16,
              16,
              18,
              18,
              20,
              20,
              22,
              22,
              24,
              24,
              26,
              26,
              28,
              28,
              30,
              30,
              32,
              32,
              0
            ],
            "hull": 17,
            "type": "mesh",
            "height": 200
          }
        },
        "fafa": {
          "fafa": {
            "triangles": [
              2,
              0,
              1,
              7,
              8,
              4,
              4,
              8,
              13,
              8,
              10,
              13,
              13,
              0,
              2,
              4,
              13,
              2,
              3,
              4,
              2,
              10,
              12,
              13,
              5,
              7,
              4,
              10,
              11,
              12,
              6,
              7,
              5,
              8,
              9,
              10
            ],
            "uvs": [
              0.8198,
              0.7467,
              0.94986,
              0.49555,
              0.83746,
              0.23003,
              0.68333,
              0.05014,
              0.4537,
              0.04052,
              0.32849,
              0.04526,
              0.04587,
              0.27687,
              0.03305,
              0.44368,
              0.05399,
              0.60244,
              0.09915,
              0.74339,
              0.22707,
              0.86164,
              0.5292,
              0.96681,
              0.68348,
              0.89253,
              0.77179,
              0.79842
            ],
            "vertices": [
              -39.36,
              -58.91,
              3.61,
              -80.5,
              48.36,
              -60.56,
              78.48,
              -33.7,
              79.49,
              5.63,
              78.35,
              27.05,
              38.29,
              74.81,
              9.95,
              76.56,
              -16.94,
              72.55,
              -40.74,
              64.45,
              -60.46,
              42.24,
              -77.5,
              -9.76,
              -64.48,
              -35.97,
              -48.27,
              -50.83
            ],
            "name": "fafa",
            "width": 351,
            "edges": [
              0,
              2,
              2,
              4,
              4,
              6,
              6,
              8,
              8,
              10,
              10,
              12,
              12,
              14,
              14,
              16,
              16,
              18,
              18,
              20,
              20,
              22,
              22,
              24,
              24,
              26,
              26,
              0
            ],
            "hull": 14,
            "type": "mesh",
            "height": 348
          }
        },
        "ADAs": {
          "ADAs": {
            "triangles": [
              15,
              1,
              11,
              11,
              1,
              10,
              9,
              10,
              8,
              10,
              1,
              8,
              1,
              5,
              8,
              5,
              6,
              8,
              6,
              7,
              8,
              1,
              3,
              5,
              12,
              15,
              11,
              15,
              16,
              1,
              13,
              15,
              12,
              3,
              4,
              5,
              14,
              15,
              13,
              1,
              2,
              3,
              16,
              0,
              1
            ],
            "uvs": [
              0,
              0.68208,
              0.0659,
              0.73786,
              0.12139,
              0.85145,
              0.26532,
              0.9448,
              0.34335,
              0.98757,
              0.57283,
              1,
              0.76012,
              0.95491,
              0.89393,
              0.87659,
              0.99971,
              0.60405,
              0.99971,
              0.33382,
              0.86618,
              0.11676,
              0.69711,
              0,
              0.28555,
              0,
              0.13902,
              0.0815,
              0.03555,
              0.2078,
              0,
              0.35405,
              0,
              0.60145
            ],